一级分类,一级分类URL,二级分类,二级分类URL
大家电、生活电器,https://zhekou.manmanbuy.com/DefaultSharelist.aspx?rootid=1,电视,https://zhekou.manmanbuy.com/DefaultSharelist.aspx?smallid=4
大家电、生活电器,https://zhekou.manmanbuy.com/DefaultSharelist.aspx?rootid=1,空调,https://zhekou.manmanbuy.com/DefaultSharelist.aspx?smallid=5
大家电、生活电器,https://zhekou.manmanbuy.com/DefaultSharelist.aspx?rootid=1,冰箱,https://zhekou.manmanbuy.com/DefaultSharelist.aspx?smallid=6
大家电、生活电器,https://zhekou.manmanbuy.com/DefaultSharelist.aspx?rootid=1,洗衣机,https://zhekou.manmanbuy.com/DefaultSharelist.aspx?smallid=7
大家电、生活电器,https://zhekou.manmanbuy.com/DefaultSharelist.aspx?rootid=1,热水器,https://zhekou.manmanbuy.com/DefaultSharelist.aspx?smallid=8
大家电、生活电器,https://zhekou.manmanbuy.com/DefaultSharelist.aspx?rootid=1,取暖器,https://zhekou.manmanbuy.com/DefaultSharelist.aspx?smallid=26
大家电、生活电器,https://zhekou.manmanbuy.com/DefaultSharelist.aspx?rootid=1,空调扇,https://zhekou.manmanbuy.com/DefaultSharelist.aspx?smallid=1
大家电、生活电器,https://zhekou.manmanbuy.com/DefaultSharelist.aspx?rootid=1,电风扇,https://zhekou.manmanbuy.com/DefaultSharelist.aspx?smallid=2
大家电、生活电器,https://zhekou.manmanbuy.com/DefaultSharelist.aspx?rootid=1,饮水机,https://zhekou.manmanbuy.com/DefaultSharelist.aspx?smallid=3
大家电、生活电器,https://zhekou.manmanbuy.com/DefaultSharelist.aspx?rootid=1,挂烫机,https://zhekou.manmanbuy.com/DefaultSharelist.aspx?smallid=24
大家电、生活电器,https://zhekou.manmanbuy.com/DefaultSharelist.aspx?rootid=1,电熨斗,https://zhekou.manmanbuy.com/DefaultSharelist.aspx?smallid=25
大家电、生活电器,https://zhekou.manmanbuy.com/DefaultSharelist.aspx?rootid=1,吸尘器,https://zhekou.manmanbuy.com/DefaultSharelist.aspx?smallid=19
大家电、生活电器,https://zhekou.manmanbuy.com/DefaultSharelist.aspx?rootid=1,扫地机器人,https://zhekou.manmanbuy.com/DefaultSharelist.aspx?smallid=1712
大家电、生活电器,https://zhekou.manmanbuy.com/DefaultSharelist.aspx?rootid=1,加湿器,https://zhekou.manmanbuy.com/DefaultSharelist.aspx?smallid=23
大家电、生活电器,https://zhekou.manmanbuy.com/DefaultSharelist.aspx?rootid=1,净水设备,https://zhekou.manmanbuy.com/DefaultSharelist.aspx?smallid=17
大家电、生活电器,https://zhekou.manmanbuy.com/DefaultSharelist.aspx?rootid=1,空气净化器,https://zhekou.manmanbuy.com/DefaultSharelist.aspx?smallid=18
大家电、生活电器,https://zhekou.manmanbuy.com/DefaultSharelist.aspx?rootid=1,干衣机,https://zhekou.manmanbuy.com/DefaultSharelist.aspx?smallid=51
大家电、生活电器,https://zhekou.manmanbuy.com/DefaultSharelist.aspx?rootid=1,除湿机,https://zhekou.manmanbuy.com/DefaultSharelist.aspx?smallid=1711
大家电、生活电器,https://zhekou.manmanbuy.com/DefaultSharelist.aspx?rootid=1,蒸汽拖把,https://zhekou.manmanbuy.com/DefaultSharelist.aspx?smallid=73
大家电、生活电器,https://zhekou.manmanbuy.com/DefaultSharelist.aspx?rootid=1,浴霸/排气扇,https://zhekou.manmanbuy.com/DefaultSharelist.aspx?smallid=78
电脑、配件,https://zhekou.manmanbuy.com/DefaultSharelist.aspx?rootid=2,笔记本电脑,https://zhekou.manmanbuy.com/DefaultSharelist.aspx?smallid=86
电脑、配件,https://zhekou.manmanbuy.com/DefaultSharelist.aspx?rootid=2,超极本电脑,https://zhekou.manmanbuy.com/DefaultSharelist.aspx?smallid=869
电脑、配件,https://zhekou.manmanbuy.com/DefaultSharelist.aspx?rootid=2,平板电脑,https://zhekou.manmanbuy.com/DefaultSharelist.aspx?smallid=94
电脑、配件,https://zhekou.manmanbuy.com/DefaultSharelist.aspx?rootid=2,CPU,https://zhekou.manmanbuy.com/DefaultSharelist.aspx?smallid=106
电脑、配件,https://zhekou.manmanbuy.com/DefaultSharelist.aspx?rootid=2,显示器,https://zhekou.manmanbuy.com/DefaultSharelist.aspx?smallid=98
电脑、配件,https://zhekou.manmanbuy.com/DefaultSharelist.aspx?rootid=2,耳机/耳麦,https://zhekou.manmanbuy.com/DefaultSharelist.aspx?smallid=101
电脑、配件,https://zhekou.manmanbuy.com/DefaultSharelist.aspx?rootid=2,内存条,https://zhekou.manmanbuy.com/DefaultSharelist.aspx?smallid=97
电脑、配件,https://zhekou.manmanbuy.com/DefaultSharelist.aspx?rootid=2,主板,https://zhekou.manmanbuy.com/DefaultSharelist.aspx?smallid=107
电脑、配件,https://zhekou.manmanbuy.com/DefaultSharelist.aspx?rootid=2,显卡,https://zhekou.manmanbuy.com/DefaultSharelist.aspx?smallid=108
电脑、配件,https://zhekou.manmanbuy.com/DefaultSharelist.aspx?rootid=2,硬盘,https://zhekou.manmanbuy.com/DefaultSharelist.aspx?smallid=109
电脑、配件,https://zhekou.manmanbuy.com/DefaultSharelist.aspx?rootid=2,电源,https://zhekou.manmanbuy.com/DefaultSharelist.aspx?smallid=111
电脑、配件,https://zhekou.manmanbuy.com/DefaultSharelist.aspx?rootid=2,鼠标,https://zhekou.manmanbuy.com/DefaultSharelist.aspx?smallid=96
电脑、配件,https://zhekou.manmanbuy.com/DefaultSharelist.aspx?rootid=2,键盘,https://zhekou.manmanbuy.com/DefaultSharelist.aspx?smallid=103
电脑、配件,https://zhekou.manmanbuy.com/DefaultSharelist.aspx?rootid=2,U盘,https://zhekou.manmanbuy.com/DefaultSharelist.aspx?smallid=911
电脑、配件,https://zhekou.manmanbuy.com/DefaultSharelist.aspx?rootid=2,移动硬盘,https://zhekou.manmanbuy.com/DefaultSharelist.aspx?smallid=104
电脑、配件,https://zhekou.manmanbuy.com/DefaultSharelist.aspx?rootid=2,摄像头,https://zhekou.manmanbuy.com/DefaultSharelist.aspx?smallid=912
手机数码,https://zhekou.manmanbuy.com/DefaultSharelist.aspx?rootid=3,手机,https://zhekou.manmanbuy.com/DefaultSharelist.aspx?smallid=57
手机数码,https://zhekou.manmanbuy.com/DefaultSharelist.aspx?rootid=3,对讲机,https://zhekou.manmanbuy.com/DefaultSharelist.aspx?smallid=887
手机数码,https://zhekou.manmanbuy.com/DefaultSharelist.aspx?rootid=3,电话机,https://zhekou.manmanbuy.com/DefaultSharelist.aspx?smallid=49
手机数码,https://zhekou.manmanbuy.com/DefaultSharelist.aspx?rootid=3,蓝牙耳机,https://zhekou.manmanbuy.com/DefaultSharelist.aspx?smallid=100
手机数码,https://zhekou.manmanbuy.com/DefaultSharelist.aspx?rootid=3,存储卡,https://zhekou.manmanbuy.com/DefaultSharelist.aspx?smallid=897
手机数码,https://zhekou.manmanbuy.com/DefaultSharelist.aspx?rootid=3,移动电源,https://zhekou.manmanbuy.com/DefaultSharelist.aspx?smallid=900
手机数码,https://zhekou.manmanbuy.com/DefaultSharelist.aspx?rootid=3,智能手表,https://zhekou.manmanbuy.com/DefaultSharelist.aspx?smallid=1746
手机数码,https://zhekou.manmanbuy.com/DefaultSharelist.aspx?rootid=3,无人机,https://zhekou.manmanbuy.com/DefaultSharelist.aspx?smallid=1752
手机数码,https://zhekou.manmanbuy.com/DefaultSharelist.aspx?rootid=3,智能音箱,https://zhekou.manmanbuy.com/DefaultSharelist.aspx?smallid=1769
手机数码,https://zhekou.manmanbuy.com/DefaultSharelist.aspx?rootid=3,平衡车,https://zhekou.manmanbuy.com/DefaultSharelist.aspx?smallid=1745
手机数码,https://zhekou.manmanbuy.com/DefaultSharelist.aspx?rootid=3,智能手环,https://zhekou.manmanbuy.com/DefaultSharelist.aspx?smallid=1747
摄影、摄像,https://zhekou.manmanbuy.com/DefaultSharelist.aspx?rootid=11,数码相机,https://zhekou.manmanbuy.com/DefaultSharelist.aspx?smallid=58
摄影、摄像,https://zhekou.manmanbuy.com/DefaultSharelist.aspx?rootid=11,单反相机,https://zhekou.manmanbuy.com/DefaultSharelist.aspx?smallid=1725
摄影、摄像,https://zhekou.manmanbuy.com/DefaultSharelist.aspx?rootid=11,单电/微单相机,https://zhekou.manmanbuy.com/DefaultSharelist.aspx?smallid=1726
摄影、摄像,https://zhekou.manmanbuy.com/DefaultSharelist.aspx?rootid=11,数码摄像机,https://zhekou.manmanbuy.com/DefaultSharelist.aspx?smallid=83
摄影、摄像,https://zhekou.manmanbuy.com/DefaultSharelist.aspx?rootid=11,单反镜头,https://zhekou.manmanbuy.com/DefaultSharelist.aspx?smallid=95
摄影、摄像,https://zhekou.manmanbuy.com/DefaultSharelist.aspx?rootid=11,数码相框,https://zhekou.manmanbuy.com/DefaultSharelist.aspx?smallid=102
摄影、摄像,https://zhekou.manmanbuy.com/DefaultSharelist.aspx?rootid=11,闪光灯/手柄,https://zhekou.manmanbuy.com/DefaultSharelist.aspx?smallid=895
摄影、摄像,https://zhekou.manmanbuy.com/DefaultSharelist.aspx?rootid=11,存储卡,https://zhekou.manmanbuy.com/DefaultSharelist.aspx?smallid=897
办公网络,https://zhekou.manmanbuy.com/DefaultSharelist.aspx?rootid=6,打印机,https://zhekou.manmanbuy.com/DefaultSharelist.aspx?smallid=69
办公网络,https://zhekou.manmanbuy.com/DefaultSharelist.aspx?rootid=6,路由器,https://zhekou.manmanbuy.com/DefaultSharelist.aspx?smallid=92
办公网络,https://zhekou.manmanbuy.com/DefaultSharelist.aspx?rootid=6,多功能一体机,https://zhekou.manmanbuy.com/DefaultSharelist.aspx?smallid=70
办公网络,https://zhekou.manmanbuy.com/DefaultSharelist.aspx?rootid=6,传真机,https://zhekou.manmanbuy.com/DefaultSharelist.aspx?smallid=99
办公网络,https://zhekou.manmanbuy.com/DefaultSharelist.aspx?rootid=6,碎纸机,https://zhekou.manmanbuy.com/DefaultSharelist.aspx?smallid=913
办公网络,https://zhekou.manmanbuy.com/DefaultSharelist.aspx?rootid=6,投影机,https://zhekou.manmanbuy.com/DefaultSharelist.aspx?smallid=1025
办公网络,https://zhekou.manmanbuy.com/DefaultSharelist.aspx?rootid=6,复合机/复印机,https://zhekou.manmanbuy.com/DefaultSharelist.aspx?smallid=1028
办公网络,https://zhekou.manmanbuy.com/DefaultSharelist.aspx?rootid=6,扫描仪,https://zhekou.manmanbuy.com/DefaultSharelist.aspx?smallid=1029
办公网络,https://zhekou.manmanbuy.com/DefaultSharelist.aspx?rootid=6,点钞机,https://zhekou.manmanbuy.com/DefaultSharelist.aspx?smallid=916
办公网络,https://zhekou.manmanbuy.com/DefaultSharelist.aspx?rootid=6,考勤机,https://zhekou.manmanbuy.com/DefaultSharelist.aspx?smallid=914
办公网络,https://zhekou.manmanbuy.com/DefaultSharelist.aspx?rootid=6,保险柜,https://zhekou.manmanbuy.com/DefaultSharelist.aspx?smallid=915
办公网络,https://zhekou.manmanbuy.com/DefaultSharelist.aspx?rootid=6,交换机,https://zhekou.manmanbuy.com/DefaultSharelist.aspx?smallid=1022
办公网络,https://zhekou.manmanbuy.com/DefaultSharelist.aspx?rootid=6,网络存储,https://zhekou.manmanbuy.com/DefaultSharelist.aspx?smallid=1023
办公网络,https://zhekou.manmanbuy.com/DefaultSharelist.aspx?rootid=6,计算器,https://zhekou.manmanbuy.com/DefaultSharelist.aspx?smallid=1034
电子教育,https://zhekou.manmanbuy.com/DefaultSharelist.aspx?rootid=12,学生平板,https://zhekou.manmanbuy.com/DefaultSharelist.aspx?smallid=1729
电子教育,https://zhekou.manmanbuy.com/DefaultSharelist.aspx?rootid=12,点读机/笔,https://zhekou.manmanbuy.com/DefaultSharelist.aspx?smallid=1730
电子教育,https://zhekou.manmanbuy.com/DefaultSharelist.aspx?rootid=12,录音笔,https://zhekou.manmanbuy.com/DefaultSharelist.aspx?smallid=906
电子教育,https://zhekou.manmanbuy.com/DefaultSharelist.aspx?rootid=12,电子书,https://zhekou.manmanbuy.com/DefaultSharelist.aspx?smallid=90
电子教育,https://zhekou.manmanbuy.com/DefaultSharelist.aspx?rootid=12,电子词典,https://zhekou.manmanbuy.com/DefaultSharelist.aspx?smallid=91
电子教育,https://zhekou.manmanbuy.com/DefaultSharelist.aspx?rootid=12,复读机,https://zhekou.manmanbuy.com/DefaultSharelist.aspx?smallid=1731
厨卫电器,https://zhekou.manmanbuy.com/DefaultSharelist.aspx?rootid=4,油烟机,https://zhekou.manmanbuy.com/DefaultSharelist.aspx?smallid=27
厨卫电器,https://zhekou.manmanbuy.com/DefaultSharelist.aspx?rootid=4,消毒柜,https://zhekou.manmanbuy.com/DefaultSharelist.aspx?smallid=28
厨卫电器,https://zhekou.manmanbuy.com/DefaultSharelist.aspx?rootid=4,洗碗机,https://zhekou.manmanbuy.com/DefaultSharelist.aspx?smallid=1742
厨卫电器,https://zhekou.manmanbuy.com/DefaultSharelist.aspx?rootid=4,豆浆机,https://zhekou.manmanbuy.com/DefaultSharelist.aspx?smallid=9
厨卫电器,https://zhekou.manmanbuy.com/DefaultSharelist.aspx?rootid=4,电饭煲,https://zhekou.manmanbuy.com/DefaultSharelist.aspx?smallid=10
厨卫电器,https://zhekou.manmanbuy.com/DefaultSharelist.aspx?rootid=4,料理机,https://zhekou.manmanbuy.com/DefaultSharelist.aspx?smallid=11
厨卫电器,https://zhekou.manmanbuy.com/DefaultSharelist.aspx?rootid=4,微波炉,https://zhekou.manmanbuy.com/DefaultSharelist.aspx?smallid=13
厨卫电器,https://zhekou.manmanbuy.com/DefaultSharelist.aspx?rootid=4,酸奶机,https://zhekou.manmanbuy.com/DefaultSharelist.aspx?smallid=55
厨卫电器,https://zhekou.manmanbuy.com/DefaultSharelist.aspx?rootid=4,咖啡机,https://zhekou.manmanbuy.com/DefaultSharelist.aspx?smallid=56
厨卫电器,https://zhekou.manmanbuy.com/DefaultSharelist.aspx?rootid=4,多用途锅,https://zhekou.manmanbuy.com/DefaultSharelist.aspx?smallid=80
厨卫电器,https://zhekou.manmanbuy.com/DefaultSharelist.aspx?rootid=4,煮蛋器,https://zhekou.manmanbuy.com/DefaultSharelist.aspx?smallid=20
厨卫电器,https://zhekou.manmanbuy.com/DefaultSharelist.aspx?rootid=4,电压力锅,https://zhekou.manmanbuy.com/DefaultSharelist.aspx?smallid=50
厨卫电器,https://zhekou.manmanbuy.com/DefaultSharelist.aspx?rootid=4,电烤箱,https://zhekou.manmanbuy.com/DefaultSharelist.aspx?smallid=21
厨卫电器,https://zhekou.manmanbuy.com/DefaultSharelist.aspx?rootid=4,破壁机,https://zhekou.manmanbuy.com/DefaultSharelist.aspx?smallid=12
厨卫电器,https://zhekou.manmanbuy.com/DefaultSharelist.aspx?rootid=4,面包机,https://zhekou.manmanbuy.com/DefaultSharelist.aspx?smallid=22
厨卫电器,https://zhekou.manmanbuy.com/DefaultSharelist.aspx?rootid=4,电水壶/热水瓶,https://zhekou.manmanbuy.com/DefaultSharelist.aspx?smallid=47
厨卫电器,https://zhekou.manmanbuy.com/DefaultSharelist.aspx?rootid=4,电饼铛/煎烤机,https://zhekou.manmanbuy.com/DefaultSharelist.aspx?smallid=52
厨卫电器,https://zhekou.manmanbuy.com/DefaultSharelist.aspx?rootid=4,果蔬解毒机,https://zhekou.manmanbuy.com/DefaultSharelist.aspx?smallid=81
厨卫电器,https://zhekou.manmanbuy.com/DefaultSharelist.aspx?rootid=4,电磁炉,https://zhekou.manmanbuy.com/DefaultSharelist.aspx?smallid=14
厨卫电器,https://zhekou.manmanbuy.com/DefaultSharelist.aspx?rootid=4,电炖锅,https://zhekou.manmanbuy.com/DefaultSharelist.aspx?smallid=1545
个护、健康电器,https://zhekou.manmanbuy.com/DefaultSharelist.aspx?rootid=5,剃须刀,https://zhekou.manmanbuy.com/DefaultSharelist.aspx?smallid=29
个护、健康电器,https://zhekou.manmanbuy.com/DefaultSharelist.aspx?rootid=5,电动牙刷,https://zhekou.manmanbuy.com/DefaultSharelist.aspx?smallid=30
个护、健康电器,https://zhekou.manmanbuy.com/DefaultSharelist.aspx?rootid=5,电吹风,https://zhekou.manmanbuy.com/DefaultSharelist.aspx?smallid=31
个护、健康电器,https://zhekou.manmanbuy.com/DefaultSharelist.aspx?rootid=5,剃/脱毛器,https://zhekou.manmanbuy.com/DefaultSharelist.aspx?smallid=32
个护、健康电器,https://zhekou.manmanbuy.com/DefaultSharelist.aspx?rootid=5,美容器,https://zhekou.manmanbuy.com/DefaultSharelist.aspx?smallid=33
个护、健康电器,https://zhekou.manmanbuy.com/DefaultSharelist.aspx?rootid=5,美发器,https://zhekou.manmanbuy.com/DefaultSharelist.aspx?smallid=34
个护、健康电器,https://zhekou.manmanbuy.com/DefaultSharelist.aspx?rootid=5,足浴盆/足浴器,https://zhekou.manmanbuy.com/DefaultSharelist.aspx?smallid=35
个护、健康电器,https://zhekou.manmanbuy.com/DefaultSharelist.aspx?rootid=5,血压计,https://zhekou.manmanbuy.com/DefaultSharelist.aspx?smallid=36
个护、健康电器,https://zhekou.manmanbuy.com/DefaultSharelist.aspx?rootid=5,血糖仪,https://zhekou.manmanbuy.com/DefaultSharelist.aspx?smallid=72
个护、健康电器,https://zhekou.manmanbuy.com/DefaultSharelist.aspx?rootid=5,按摩器,https://zhekou.manmanbuy.com/DefaultSharelist.aspx?smallid=38
个护、健康电器,https://zhekou.manmanbuy.com/DefaultSharelist.aspx?rootid=5,健康秤/厨房秤,https://zhekou.manmanbuy.com/DefaultSharelist.aspx?smallid=37
个护、健康电器,https://zhekou.manmanbuy.com/DefaultSharelist.aspx?rootid=5,按摩椅,https://zhekou.manmanbuy.com/DefaultSharelist.aspx?smallid=39
个护、健康电器,https://zhekou.manmanbuy.com/DefaultSharelist.aspx?rootid=5,计步器/脂肪仪,https://zhekou.manmanbuy.com/DefaultSharelist.aspx?smallid=65
个护、健康电器,https://zhekou.manmanbuy.com/DefaultSharelist.aspx?rootid=5,体温计,https://zhekou.manmanbuy.com/DefaultSharelist.aspx?smallid=53
影音视听,https://zhekou.manmanbuy.com/DefaultSharelist.aspx?rootid=7,电视,https://zhekou.manmanbuy.com/DefaultSharelist.aspx?smallid=4
影音视听,https://zhekou.manmanbuy.com/DefaultSharelist.aspx?rootid=7,电视盒子,https://zhekou.manmanbuy.com/DefaultSharelist.aspx?smallid=1015
影音视听,https://zhekou.manmanbuy.com/DefaultSharelist.aspx?rootid=7,家庭影院,https://zhekou.manmanbuy.com/DefaultSharelist.aspx?smallid=63
影音视听,https://zhekou.manmanbuy.com/DefaultSharelist.aspx?rootid=7,音响/音箱,https://zhekou.manmanbuy.com/DefaultSharelist.aspx?smallid=54
影音视听,https://zhekou.manmanbuy.com/DefaultSharelist.aspx?rootid=7,DVD高清播放器,https://zhekou.manmanbuy.com/DefaultSharelist.aspx?smallid=62
影音视听,https://zhekou.manmanbuy.com/DefaultSharelist.aspx?rootid=7,MP3/MP4,https://zhekou.manmanbuy.com/DefaultSharelist.aspx?smallid=87
影音视听,https://zhekou.manmanbuy.com/DefaultSharelist.aspx?rootid=7,收录音机,https://zhekou.manmanbuy.com/DefaultSharelist.aspx?smallid=75
影音视听,https://zhekou.manmanbuy.com/DefaultSharelist.aspx?rootid=7,录音笔,https://zhekou.manmanbuy.com/DefaultSharelist.aspx?smallid=906
运动户外,https://zhekou.manmanbuy.com/DefaultSharelist.aspx?rootid=8,羽毛球拍,https://zhekou.manmanbuy.com/DefaultSharelist.aspx?smallid=1315
运动户外,https://zhekou.manmanbuy.com/DefaultSharelist.aspx?rootid=8,乒乓球拍,https://zhekou.manmanbuy.com/DefaultSharelist.aspx?smallid=1316
运动户外,https://zhekou.manmanbuy.com/DefaultSharelist.aspx?rootid=8,篮球,https://zhekou.manmanbuy.com/DefaultSharelist.aspx?smallid=1317
运动户外,https://zhekou.manmanbuy.com/DefaultSharelist.aspx?rootid=8,足球,https://zhekou.manmanbuy.com/DefaultSharelist.aspx?smallid=1318
运动户外,https://zhekou.manmanbuy.com/DefaultSharelist.aspx?rootid=8,网球拍,https://zhekou.manmanbuy.com/DefaultSharelist.aspx?smallid=1319
运动户外,https://zhekou.manmanbuy.com/DefaultSharelist.aspx?rootid=8,排球,https://zhekou.manmanbuy.com/DefaultSharelist.aspx?smallid=1320
运动户外,https://zhekou.manmanbuy.com/DefaultSharelist.aspx?rootid=8,户外鞋,https://zhekou.manmanbuy.com/DefaultSharelist.aspx?smallid=873
运动户外,https://zhekou.manmanbuy.com/DefaultSharelist.aspx?rootid=8,户外服装,https://zhekou.manmanbuy.com/DefaultSharelist.aspx?smallid=1284
运动户外,https://zhekou.manmanbuy.com/DefaultSharelist.aspx?rootid=8,帐篷,https://zhekou.manmanbuy.com/DefaultSharelist.aspx?smallid=1287
运动户外,https://zhekou.manmanbuy.com/DefaultSharelist.aspx?rootid=8,睡袋,https://zhekou.manmanbuy.com/DefaultSharelist.aspx?smallid=1288
运动户外,https://zhekou.manmanbuy.com/DefaultSharelist.aspx?rootid=8,登山杖,https://zhekou.manmanbuy.com/DefaultSharelist.aspx?smallid=1289
运动户外,https://zhekou.manmanbuy.com/DefaultSharelist.aspx?rootid=8,户外背包,https://zhekou.manmanbuy.com/DefaultSharelist.aspx?smallid=1290
运动户外,https://zhekou.manmanbuy.com/DefaultSharelist.aspx?rootid=8,户外垫子,https://zhekou.manmanbuy.com/DefaultSharelist.aspx?smallid=1292
母婴玩具,https://zhekou.manmanbuy.com/DefaultSharelist.aspx?rootid=9,婴幼奶粉,https://zhekou.manmanbuy.com/DefaultSharelist.aspx?smallid=1043
母婴玩具,https://zhekou.manmanbuy.com/DefaultSharelist.aspx?rootid=9,尿不湿,https://zhekou.manmanbuy.com/DefaultSharelist.aspx?smallid=1060
母婴玩具,https://zhekou.manmanbuy.com/DefaultSharelist.aspx?rootid=9,积木/拼插,https://zhekou.manmanbuy.com/DefaultSharelist.aspx?smallid=1372
汽车用品,https://zhekou.manmanbuy.com/DefaultSharelist.aspx?rootid=19,GPS导航,https://zhekou.manmanbuy.com/DefaultSharelist.aspx?smallid=60
汽车用品,https://zhekou.manmanbuy.com/DefaultSharelist.aspx?rootid=19,机油,https://zhekou.manmanbuy.com/DefaultSharelist.aspx?smallid=1401
汽车用品,https://zhekou.manmanbuy.com/DefaultSharelist.aspx?rootid=19,儿童安全座椅,https://zhekou.manmanbuy.com/DefaultSharelist.aspx?smallid=1448
汽车用品,https://zhekou.manmanbuy.com/DefaultSharelist.aspx?rootid=19,行车记录仪,https://zhekou.manmanbuy.com/DefaultSharelist.aspx?smallid=1391
